ID,Location,Scenario,Topic Tag,Chat Summary,Pain Point,Emotion,Underlying Need
81,"Bonita Springs, FL",Street Flooding,Poor Drainage,"Every heavy rain fills my whole street like a canal. If I block the garage with panels, where does that water go?",No drainage outlet,Anxiety,Guidance on drainage management with barriers
82,"Bonita Springs, FL",Garage Entry,Seal Leak,Water seeps under the rubber seal each time. Someone said marine gaskets last longer. Is that true for Bonita’s heat and humidity?,Seal failure,Frustration,Better gasket material for hot climates
83,"Bonita Springs, FL",Canal Home,Seepage,My backyard canal sometimes seeps through the lawn into the foundation. Can a flood panel help if water comes from below?,Groundwater intrusion,Concern,Understand barrier limits on rising seepage
84,"Bonita Springs, FL",Lanai,Wind-Driven Rain,I get water blowing in through my lanai sliders every storm. Do any panel systems seal those wide openings without permanent framing?,Wind-blown water,Irritation,Find temporary barrier for large openings
85,"Bonita Springs, FL",HOA,Rules,My HOA warned me about visible brackets. Can installers hide them inside the stucco?,HOA conflict,Annoyance,Discreet installation methods
86,"Bonita Springs, FL",Foundation,Cracks,I found new cracks near the corners after the last surge. Could trapped water from barriers cause that?,Hydrostatic pressure,Worry,Structural safety advice
87,"Bonita Springs, FL",Retention Pond,Overflow,"When the retention pond fills, water creeps toward the garage. Should I build a small berm before using barriers?",Overflow channeling,Uncertainty,Combining landscape and floodproofing
88,"Bonita Springs, FL",Contractor Quote,Overcharge,One company quoted almost double what my neighbor paid for the same brand. How do I know if I’m being overcharged?,Pricing inconsistency,Skepticism,Transparent cost breakdown
89,"Bonita Springs, FL",Hurricane Prep,Timing,Last time I waited too long and had to install barriers in the rain. Is it safe to leave them up all season?,Early deployment risk,Stress,Seasonal usage guidance
90,"Bonita Springs, FL",Driveway,Slope Issue,My driveway dips near the door. Can panels seal over uneven concrete or do I need to regrade first?,Uneven base,Practical worry,Site prep before installation
91,"Bonita Springs, FL",Older Home,Retrofit,My home is from the 70s and the door frames aren’t square. Can barriers still seal tight?,Outdated framing,Hesitation,Retrofitting advice
92,"Bonita Springs, FL",Salt Air,Corrosion,We’re close to Bonita Beach and everything rusts fast. What coating or metal type lasts longest for barrier bolts?,Salt corrosion,Annoyance,Corrosion-resistant materials
93,"Bonita Springs, FL",Insurance,Premiums,"Does installing barriers lower flood insurance, or does FEMA ignore them for single-family homes?",Insurance uncertainty,Confusion,Clarify financial benefits
94,"Bonita Springs, FL",Mold,After Flood,After minor flooding I noticed mildew at the baseboards. Could my panels have trapped damp air?,Trapped humidity,Disgust,Dry-out and ventilation advice
95,"Bonita Springs, FL",Power Outage,Pumps,I have a small pump behind the barrier but it stops when power cuts. Is there a solar backup that actually works?,Power dependency,Hopeful curiosity,Backup pumping options
96,"Bonita Springs, FL",HOA Meeting,Approval,My HOA board wants engineering drawings before approving barriers. How do I get those without paying a fortune?,Bureaucracy,Irritation,Affordable compliance process
97,"Bonita Springs, FL",Repeated Flooding,Fatigue,We’ve rebuilt the drywall twice in three years. I’m exhausted. Are there permanent barriers that don’t need removal?,Repetitive damage,Desperation,Permanent flood-resistant design
98,"Bonita Springs, FL",Pets,Safety,Our dog door sits low on the wall. Can that be sealed with a removable cover during floods?,Small opening leaks,Care,Pet-friendly sealing solutions
99,"Bonita Springs, FL",Concrete Pad,Cracks,The new patio pad cracked after standing water sat for days. Could pressure from the flood barrier have made it worse?,Hydrostatic stress,Concern,Guidance on safe pressure relief
100,"Bonita Springs, FL",Long-Term,Maintenance,I want something that lasts ten years without constant cleaning. Which brands have real warranties here?,Wear over time,Skepticism,Reliable long-term system