url,lastmod
"https://floodbarrierpros.com/","2025-10-27"
"https://floodbarrierpros.com/products","2025-10-27"
"https://floodbarrierpros.com/testimonials","2025-10-27"
"https://floodbarrierpros.com/blog","2025-10-27"
"https://floodbarrierpros.com/resources","2025-10-27"
"https://floodbarrierpros.com/products/doorway-flood-panel","2025-10-27"
"https://floodbarrierpros.com/products/modular-flood-barrier","2025-10-27"
"https://floodbarrierpros.com/products/garage-dam-kit","2025-10-27"
"https://floodbarrierpros.com/faq/motorized-flood-barriers","2025-10-17"
"https://floodbarrierpros.com/faq/installation-timeline","2025-10-17"
"https://floodbarrierpros.com/faq/flood-barriers-vs-sandbags","2025-10-17"
"https://floodbarrierpros.com/faq/community-resilience","2025-10-17"
"https://floodbarrierpros.com/faq/architectural-integration","2025-10-17"
"https://floodbarrierpros.com/faq/diy-vs-pro-installation","2025-10-17"
"https://floodbarrierpros.com/faq/flood-panel-leak-repair","2025-10-17"
"https://floodbarrierpros.com/faq/grant-programs","2025-10-17"
"https://floodbarrierpros.com/faq/flood-protection-naples","2025-10-17"
"https://floodbarrierpros.com/faq/flood-panels-fort-myers","2025-10-17"
"https://floodbarrierpros.com/faq/hardware-corrosion-control","2025-10-17"
"https://floodbarrierpros.com/faq/powder-coating-options","2025-10-17"
"https://floodbarrierpros.com/faq/flood-barrier-maintenance","2025-10-17"
"https://floodbarrierpros.com/faq/multi-unit-building-design","2025-10-17"
"https://floodbarrierpros.com/faq/flood-barriers-naples","2025-10-17"
"https://floodbarrierpros.com/faq/clearwater-beach-flood-protection","2025-10-17"
"https://floodbarrierpros.com/faq/flood-protection-sarasota","2025-10-17"
"https://floodbarrierpros.com/faq/warranty-coverage","2025-10-17"
"https://floodbarrierpros.com/faq/environmental-impact","2025-10-17"
"https://floodbarrierpros.com/faq/permanent-vs-removable-barriers","2025-10-17"
"https://floodbarrierpros.com/faq/flood-barriers-cape-coral","2025-10-17"
"https://floodbarrierpros.com/faq/coastal-corrosion-resistance","2025-10-17"
"https://floodbarrierpros.com/faq/doorway-flood-panel-custom","2025-10-17"
"https://floodbarrierpros.com/faq/historic-home-floodproofing","2025-10-17"
"https://floodbarrierpros.com/faq/flood-barriers-insurance-rates","2025-10-17"
"https://floodbarrierpros.com/faq/gasket-replacement","2025-10-17"
"https://floodbarrierpros.com/faq/common-buying-mistakes","2025-10-17"
"https://floodbarrierpros.com/faq/energy-efficiency-impact","2025-10-17"
"https://floodbarrierpros.com/faq/recyclable-materials","2025-10-17"
"https://floodbarrierpros.com/faq/custom-flood-panels","2025-10-17"
"https://floodbarrierpros.com/faq/home-value-impact","2025-10-17"
"https://floodbarrierpros.com/faq/flood-barriers-port-charlotte","2025-10-17"
"https://floodbarrierpros.com/faq/window-barrier-fitment","2025-10-17"
"https://floodbarrierpros.com/faq/flood-barriers-sarasota","2025-10-17"
"https://floodbarrierpros.com/faq/flood-panels-miami","2025-10-17"
"https://floodbarrierpros.com/faq/panel-storage-tips","2025-10-17"
"https://floodbarrierpros.com/faq/choosing-flood-contractor","2025-10-17"
"https://floodbarrierpros.com/faq/material-selection-aluminum-vs-steel","2025-10-17"
"https://floodbarrierpros.com/faq/flood-barrier-installation","2025-10-17"
"https://floodbarrierpros.com/faq/flood-barrier-installation-problems","2025-10-17"
"https://floodbarrierpros.com/faq/historic-homes-flood-panels","2025-10-17"
"https://floodbarrierpros.com/faq/flood-barriers-bradenton","2025-10-17"
"https://floodbarrierpros.com/faq/flood-barriers-and-ecosystems","2025-10-17"
"https://floodbarrierpros.com/faq/maintenance-costs","2025-10-17"
"https://floodbarrierpros.com/faq/flood-proofing-tax-credit","2025-10-17"
"https://floodbarrierpros.com/faq/fema-approved-flood-barriers","2025-10-17"
"https://floodbarrierpros.com/faq/interior-flood-walls","2025-10-17"
"https://floodbarrierpros.com/faq/flood-barrier-costs","2025-10-17"
"https://floodbarrierpros.com/faq/landscape-flood-management","2025-10-17"
"https://floodbarrierpros.com/faq/door-threshold-prep","2025-10-17"
"https://floodbarrierpros.com/faq/resealing-after-storm","2025-10-17"
"https://floodbarrierpros.com/faq/anchor-bolt-requirements","2025-10-17"
"https://floodbarrierpros.com/faq/insurance-premium-reduction","2025-10-17"
"https://floodbarrierpros.com/faq/glass-fa√ßade-protection","2025-10-17"
"https://floodbarrierpros.com/faq/garage-flood-panel-installation","2025-10-17"
"https://floodbarrierpros.com/faq/flood-gate-sizing","2025-10-17"
"https://floodbarrierpros.com/faq/site-survey-process","2025-10-17"
"https://floodbarrierpros.com/faq/flood-panel-repair","2025-10-17"
"https://floodbarrierpros.com/faq/climate-change-adaptation","2025-10-17"
"https://floodbarrierpros.com/faq/clearwater-flood-protection","2025-10-17"
"https://floodbarrierpros.com/faq/fema-installation-guidelines","2025-10-17"
"https://floodbarrierpros.com/testimonials/doorway-flood-panel","2025-10-17"
"https://floodbarrierpros.com/testimonials/modular-flood-barrier","2025-10-17"
"https://floodbarrierpros.com/blog/2025-01-15-flood-doors-miami","2025-10-02"
"https://floodbarrierpros.com/blog/2025-10-12-best-flood-barriers-2025","2025-10-12"
"https://floodbarrierpros.com/blog/2025-10-12-fema-approved-flood-barriers","2025-10-12"
"https://floodbarrierpros.com/blog/2025-10-12-portable-vs-permanent-flood-barriers","2025-10-12"
"https://floodbarrierpros.com/news/2025-01-15-storm-alert-tampa","2025-10-02"
